cam01_10-59-24-088029_DL5CY3199__det.jpg	DL5CY3099
cam01_10-59-50-153902_DL7CP8952__det.jpg	DL7CP8952
cam01_11-09-01-226803_HR3BAC6737__det.jpg	HR38AC6737
cam01_11-13-38-183627_BR26FT2618__det.jpg	HR26FT2618
cam01_11-14-21-143405_HR26DE8679__det.jpg	HR26DE8679
cam01_11-15-56-814095_HR5SBA6273__asis.jpg	HR55BA6273
cam01_11-16-45-705772_DL5CS5609__det.jpg	DL5CS5609
cam01_11-17-07-976419_DL12O6848__det.jpg	DL1ZD6848
cam01_11-18-00-394086_HR76K7541__det.jpg	HR76K7541
cam01_11-19-05-539605_DL3CDA7844__det.jpg	DL3CDA7844
cam01_11-22-08-200961_26BH2916B__det.jpg	26BH2916B
cam01_11-25-37-096411_DL2CB0746__det.jpg	DL2CBD7444
cam01_11-28-39-223195_DL2CBD4548__det.jpg	DL2CBD4548
cam01_11-32-59-988832_DL9CBM2406__det.jpg	DL9CBM2406
cam01_11-33-26-397894_DL7CY7997__det.jpg	DL7CY7997
cam01_11-33-47-041350_DL5CQ2575__det.jpg	DL5CQ2575
cam01_11-34-30-559987_22BH0432C__det.jpg	22BH0432C
cam01_11-35-28-084954_DL2CBE634__det.jpg	DL2CBE6344
cam01_11-36-17-846861_26BH6524E__det.jpg	26BH6624E
cam01_11-38-47-554707_MD16CT3025__det.jpg	DL6CT3025
cam01_11-39-49-834204_DL3CCY4721__det.jpg	DL3CCX4721
cam01_11-40-32-114417_22BH0761E__det.jpg	22BH0761E
cam01_11-43-27-985257_DL12CU924__det.jpg	DL12CU9924
cam01_11-47-23-691380_DL3CN8240__det.jpg	DL3CCA9240
cam01_11-50-07-796730_FD12CK5706__det.jpg	DL2CAY5706
cam01_11-51-51-472837_DL1CY3679__det.jpg	DL1CY3675
cam01_11-52-27-924521_OL10CE9189__det.jpg	DL10CE9189
cam01_11-52-52-030886_DL7CV6278__det.jpg	DL7CW6278
cam01_11-55-17-189124_UK06BC8171__det.jpg	UK06BC8171
cam01_12-02-42-500450_DL2CBF9772__asis.jpg	DL2CBF9772
cam01_12-03-30-978932_DL20B6605__asis.jpg	DL2CBB6605
cam01_12-03-47-122117_F0L1CKS372__asis.jpg	DL1CAC5372
cam01_12-04-29-546255_TI1O5159__det.jpg	TN11AQ5155
cam01_12-04-35-299373_DL7CT2539__det.jpg	DL1CT2539
cam01_12-04-52-247494_DL14CF756__det.jpg	DL14CF7568
cam01_12-05-00-512398_DL2CBF0829__det.jpg	DL2CBF0829
cam01_12-05-35-489312_24BH49241__det.jpg	24BH4924L
cam01_12-07-23-887021_DL6CT3025__asis.jpg	DL6CT3025
cam01_12-07-55-995029_HR29BAB883__det.jpg	HR29BA8883
cam01_12-09-35-854477_BR2EB24__det.jpg	BR2EB24
cam01_12-14-37-684348_HP51CV1053__det.jpg	HR51CW1053
cam01_12-18-50-127983_DL1CA1715__det.jpg	DL1CAA1715
cam01_12-21-49-058752_DL12D6848__det.jpg	DL1ZD6848
cam01_12-21-53-239142_UP82AN6586__det.jpg	UP82AW6586
cam01_12-23-39-785346_FD12CAI5492__asis.jpg	DL2CAY5492
cam01_12-23-55-960603_DL9CAR0256__det.jpg	DL9CAR0256
cam01_12-25-19-079973_DL9CAZ2492__det.jpg	DL9CAZ2492
cam01_12-26-25-642223_DL7CT8017__det.jpg	DL7CT8017
cam01_12-30-26-598027_DL7CW6770__det.jpg	DL7CW6770
cam01_12-31-30-675756_HR55AP1630__det.jpg	HR55AP1630
cam01_12-32-42-801090_DL1GD1605__asis.jpg	DL1GD1685
cam01_12-33-57-337365_OL12CT0820__det.jpg	DL12CT0820
cam01_12-38-00-718504_DL10CZ0143__det.jpg	DL10CZ0143
cam01_12-43-19-267045_DL12CT6329__det.jpg	DL12CY6329
cam01_12-44-34-520368_DL12CH3095__det.jpg	DL12CH3095
cam01_12-47-00-584050_HR29BA883__det.jpg	HR29BA8883
cam01_12-48-46-238136_DL3CDB8503__asis.jpg	DL3CDB8506
cam01_12-49-48-393386_FR1CT1577__asis.jpg	FR1CT1577
cam01_12-51-25-299733_HR55BA6273__det.jpg	HR55BA6273
cam01_12-51-28-432524_DL9CBN4290__det.jpg	DL9CBM4290
cam01_12-54-14-728262_DL1CT2539__det.jpg	DL1CT2539
cam01_12-56-07-868881_HR58E977__det.jpg	HR58E9741
cam01_12-56-41-938042_DL1CKR0775__asis.jpg	DL1CAF0775
cam01_12-57-06-516141_27BH8432C__asis.jpg	22BH0432C
cam01_12-57-39-688205_DL2CAY5428__asis.jpg	DL2CAY5423
cam01_12-58-38-974615_DL3CDB500__det.jpg	DL3CDB8506
cam01_12-59-24-571210_DL1CW7734__asis.jpg	DL1CW7734
cam01_13-00-46-448520_HR55AP1630__det.jpg	HR55AP1630
cam01_13-08-11-385453_DL6CT3025__det.jpg	DL6CT3025
cam01_13-08-19-236592_UP56BB8536__det.jpg	UP56BB6536
cam01_13-09-05-429850_DL12CU92__det.jpg	DL12CU9924
cam01_13-12-32-361968_DL12CT0820__det.jpg	DL12CT0820
cam01_13-13-43-139097_DL10CKL547__det.jpg	DL10CK4542
cam01_13-14-33-351071_DL8CBK4322__det.jpg	DL8CBK4322
cam01_13-15-34-068556_DL2CBF183__det.jpg	DL2CBF1499
cam01_13-16-17-692458_MH26ET2618__det.jpg	HR26FT2618
cam01_13-29-35-302922_DL3CB2107__asis.jpg	DL9CBB2100
cam01_13-30-09-367986_DL3CI5003__asis.jpg	DL3CCX5003
cam01_13-35-57-802803_FO11CY7734__asis.jpg	DL1CW7734
cam01_13-46-36-869936_DL2CBE6346__det.jpg	DL2CBE6344
cam01_13-49-34-281770_MP64A3246__det.jpg	HP64A3245
cam01_13-51-32-939336_HR51CS9810__det.jpg	HR51CS9810
cam01_13-53-24-113394_AA20BBF4731__asis.jpg	26BH6479L
cam01_13-53-45-174419_1J721A716__asis.jpg	UP72AY3991
cam01_13-56-05-254060_DL7CY6367__det.jpg	DL7CV6369
cam01_14-02-45-270287_DL7C173__asis.jpg	DL7CY7997
cam01_14-09-16-864012_26BH9152B__det.jpg	26BH9152B
cam01_14-10-13-235261_UP16Z1027__asis.jpg	UP16EK0332
cam01_14-11-10-152671_24BH2037__asis.jpg	24BH2037K
cam01_14-15-38-615922_OD05AX6432__det.jpg	OD05AX6432
cam01_14-16-24-206122_PB6S1C417__asis.jpg	PB65AC4175
cam01_14-17-42-404624_TL2CEC37__asis.jpg	DL2CBE6344
cam01_14-21-30-887619_DL70Y6770__asis.jpg	DL7CW6770
cam01_14-23-12-416693_DL8CJ2192__asis.jpg	DL8CBJ2192
cam01_14-30-25-969715_DL3CI5073__asis.jpg	DL3CCX5003
cam01_14-32-02-082194_L1CKBSN45__asis.jpg	DL1CAD5004
cam01_14-35-03-861911_DL14CE8430__det.jpg	DL14CE8430
cam01_14-39-20-176202_DL1CAF0775__det.jpg	DL1CAF0775
cam01_14-45-17-218922_HR38A1514__asis.jpg	HR38AA4514
cam01_14-45-40-885129_DL2CB0289__det.jpg	DL2CBD2289
cam01_14-45-41-070188_DL2CAV8498__det.jpg	DL2CAW8498
cam01_14-46-07-906528_DL5CP1223__det.jpg	DL5CP1223
cam01_14-56-20-899889_DL12CU983__det.jpg	DL12CU9888
cam01_14-59-30-424840_AM12OIK1371__asis.jpg	DL1CW4657
cam01_15-04-13-932080_DL2CBF1499__det.jpg	DL2CBF1499
cam01_15-05-55-648643_DL1ZO6848__det.jpg	DL1ZD6848
cam01_15-06-39-141302_DL8CBL5780__asis.jpg	DL8CBL5788
cam01_15-08-42-283392_HR55BC0774__det.jpg	HR55BC0274
cam01_15-09-21-316891_DL2CAI5706__asis.jpg	DL2CAY5706
cam01_15-09-30-896017_DL12OV4128__asis.jpg	DL12CW4126
cam01_15-10-40-566858_DL9CAR0258__det.jpg	DL9CAR0256
cam01_15-18-26-494381_AN1Z1227__asis.jpg	DL1CR1693
cam01_15-20-11-150192_DL14CL009__asis.jpg	DL14CL0094
cam01_15-23-25-869315_UL1CT6217__asis.jpg	DL10CY6209
cam01_15-25-14-369917_DL12O8494__det.jpg	DL1ZD8494
cam01_15-26-38-768737_JB14ICK7075__asis.jpg	DL1CAF0775
cam01_15-32-09-458180_DL2CBG0271__asis.jpg	DL2CBG0271
cam01_15-33-04-155585_DL8CAS1432__det.jpg	DL8CAS1432
cam01_15-36-41-155732_WB21O9731__asis.jpg	DL1CU9173
cam01_15-37-34-603416_DL2CBC8125__det.jpg	DL2CBC8125
cam01_15-39-54-585429_HR38AC6737__det.jpg	HR38AC6737
cam01_15-43-36-168261_OI10Y7757__asis.jpg	DL1CW7758
cam01_15-45-49-835729_DL2CBF0829__asis.jpg	DL2CBF0829
cam01_15-47-52-429523_HR98P932__det.jpg	HR98P9932
cam01_15-48-15-416501_DL10CPA3087__asis.jpg	DL10CP4308
cam01_15-48-40-287621_DL2CBE6342__det.jpg	DL2CBE6344
cam01_15-48-52-849443_DL9CBC9965__det.jpg	DL9CBG9965
cam01_15-52-51-609565_DL10CZ0143__det.jpg	DL10CZ0143
cam01_15-57-12-294028_AA7A72V1__asis.jpg	DL7CV6369
cam01_16-00-22-701124_HR36AO9617__det.jpg	HR36AQ9611
cam01_16-02-30-472686_RJ84H0172__asis.jpg	HR38AH0172
cam01_16-03-43-653042_DL8CAZ1338__det.jpg	DL8CAZ1338
cam01_16-04-03-594912_DL8CAS1432__det.jpg	DL8CAS1432
cam01_16-13-44-273538_DL7C0401__asis.jpg	DL7CQ4012
cam01_16-24-19-290543_UP14ENU715__asis.jpg	UP14ED2709
cam01_16-28-13-422898_DL9CAZ2492__det.jpg	DL9CAZ2492
cam01_16-28-56-863490_FD11CY7884__asis.jpg	DL1CW7884
cam02_10-58-48-176835_UP16BB5581__det.jpg	UP16BB5581
cam02_10-59-10-803557_DL10CZ2509__det.jpg	DL10CZ2509
cam02_10-59-49-422685_TD17CP8952__det.jpg	DL7CP8952
cam02_11-04-14-828048_DL1C467__det.jpg	DL1CW4657
cam02_11-05-53-517100_24BH2037K__det.jpg	24BH2037K
cam02_11-09-27-865268_AI01BF7620__det.jpg	KL01BF7660
cam02_11-10-46-665605_DL14CJ3910__det.jpg	DL14CJ3910
cam02_11-12-49-027218_DL9CAY6884__det.jpg	DL9CAY6884
cam02_11-13-43-687835_HR26FI2618__det.jpg	HR26FT2618
cam02_11-16-05-484030_HR55BA6273__det.jpg	HR55BA6273
cam02_11-17-16-322719_DL1ZD6848__det.jpg	DL1ZD6848
cam02_11-17-21-886398_DL12DA7807__det.jpg	DL12DA7807
cam02_11-19-03-969257_DL1ZO6848__det.jpg	DL1ZD6848
cam02_11-19-11-569292_DL3CDA7844__det.jpg	DL3CDA7844
cam02_11-19-52-365956_25BH7736K__det.jpg	25BH7736K
cam02_11-22-09-862959_26BH2916B__det.jpg	26BH2916B
cam02_11-25-41-754614_DL2CBD744__det.jpg	DL2CBD7444
cam02_11-28-48-721706_DL2CBO4548__det.jpg	DL2CBD4548
cam02_11-30-24-840462_DL9CBF0732__asis.jpg	DL9CBF8732
cam02_11-30-51-204006_DL14CD6007__det.jpg	DL14CD6007
cam02_11-32-46-709349_DL12CZ8982__det.jpg	DL12CZ8982
cam02_11-33-29-124980_DL7CY7997__det.jpg	DL7CY7997
cam02_11-34-28-519021_DL10DB9359__det.jpg	DL10DB9359
cam02_11-35-32-669842_DL2CBE6344__det.jpg	DL2CBE6344
cam02_11-36-20-543875_26BH6624B__det.jpg	26BH6624E
cam02_11-36-47-017223_DL4CAY6650__det.jpg	DL4CAX6650
cam02_11-38-48-864030_DL5CT3025__det.jpg	DL6CT3025
cam02_11-39-51-021952_DL3CCI4721__det.jpg	DL3CCX4721
cam02_11-41-22-818388_DL2CAT5492__asis.jpg	DL2CAY5492
cam02_11-41-47-926011_DL7CX8825__det.jpg	DL7CX8825
cam02_11-43-14-705698_DL6CS4537__det.jpg	DL6CS4532
cam02_11-43-30-655427_DL12CU924__det.jpg	DL12CU9924
cam02_11-45-17-728813_HR5BB1897__det.jpg	HR55BB1897
cam02_11-47-23-327779_DL3CCA9240__det.jpg	DL3CCK9240
cam02_11-48-19-817801_DL10CE4941__det.jpg	DL10CE4941
cam02_11-49-30-175301_DL14C934__det.jpg	DL14CG9347
cam02_11-50-08-596284_DL2CA5706__det.jpg	DL2CAY5706
cam02_11-50-33-562587_HR13R2799__det.jpg	HR13R2799
cam02_11-51-03-533807_UP16FK6457__det.jpg	UP16FK6457
cam02_11-52-01-622291_HP12BA5495__det.jpg	HR12BA5495
cam02_11-52-56-752002_DL7CH6278__det.jpg	DL7CW6278
cam02_11-55-17-980799_HR5BB1813__det.jpg	HR55BB1813
cam02_12-00-31-758487_DL12CV1891__det.jpg	DL12CV1891
cam02_12-02-42-949697_DL2CBF9772__det.jpg	DL2CBF9772
cam02_12-03-37-075743_DL2B605__asis.jpg	DL2CBB6605
cam02_12-03-54-389825_DL1CAC5372__det.jpg	DL1CAC5372
cam02_12-04-30-505885_TN11AO5155__det.jpg	TN11AQ5155
cam02_12-04-39-457558_DL1CT2539__det.jpg	DL1CT2539
cam02_12-04-57-209321_DL14CF7568__det.jpg	DL14CF7568
cam02_12-07-30-725412_DL6CT3025__det.jpg	DL6CT3025
cam02_12-09-22-173458_DL2CBG0271__det.jpg	DL2CBG0271
cam02_12-09-51-571448_HP3BAL8058__det.jpg	HR38AL8058
cam02_12-11-44-712655_HR58E974__det.jpg	HR58E9741
cam02_12-14-40-825481_RJ1CH1053__det.jpg	HR51CW1053
cam02_12-17-09-931347_HR72F2607__det.jpg	HR72F2607
cam02_12-17-56-644043_DL0DB3670__asis.jpg	DL10DB3670
cam02_12-18-55-794968_DL1CA1715__det.jpg	DL1CAA1715
cam02_12-20-05-960931_DL2CBG0782__det.jpg	DL2CBG0782
cam02_12-21-53-725176_DL12O6848__det.jpg	DL1ZD6848
cam02_12-21-58-162260_UP82AW6586__det.jpg	UP82AW6586
cam02_12-24-01-732262_DL3CAR0256__det.jpg	DL9CAR0256
cam02_12-24-03-709510_25BH4243J__asis.jpg	25BH4243J
cam02_12-24-55-099983_DL14CF677__det.jpg	DL14CF6577
cam02_12-25-22-149303_FD19CAZ2492__det.jpg	DL9CAZ2492
cam02_12-26-04-165777_HR3BAL805__det.jpg	HR38AL8058
cam02_12-28-01-418516_DL14CH7017__det.jpg	DL14CH7017
cam02_12-29-51-893701_HR55BB1813__det.jpg	HR55BB1813
cam02_12-30-29-312770_DL7CW6770__det.jpg	DL7CW6770
cam02_12-30-30-728774_DL2CAS2579__det.jpg	DL2CAS2579
cam02_12-32-54-825152_DL3EV2847__asis.jpg	DL3EY2847
cam02_12-34-20-058715_DL2CBB6609__det.jpg	DL2CBB6605
cam02_12-36-06-362996_DL4CBD5079__det.jpg	DL4CBD5079
cam02_12-38-05-277391_DL10CZ0143__det.jpg	DL10CZ0143
cam02_12-39-13-359477_RJ5B1897__det.jpg	HR55BB1897
cam02_12-40-42-463032_HR26FT2618__det.jpg	HR26FT2618
cam02_12-42-18-786845_DL1CK7758__det.jpg	DL1CW7758
cam02_12-42-49-088856_HB3BAK4692__det.jpg	HR38AK4692
cam02_12-43-21-770554_HR47G7733__det.jpg	HR47G7733
cam02_12-44-16-968294_HR55B1813__det.jpg	HR55BB1813
cam02_12-44-41-200046_DL2CBF1499__det.jpg	DL2CBF1499
cam02_12-45-54-048499_PL3CDA7844__det.jpg	DL3CDA7844
cam02_12-46-13-064089_TD12CBF0669__det.jpg	DL2CBF0669
cam02_12-47-01-230092_HR29BAB883__det.jpg	HR29BA8883
cam02_12-47-19-715949_BR51CH1053__det.jpg	HR51CW1053
cam02_12-48-49-027683_DL3CDB8508__det.jpg	DL3CDB8506
cam02_12-49-07-625477_DL2CAT5423__det.jpg	DL2CAY5423
cam02_12-49-49-600381_DL1AJ0530__det.jpg	DL1CAJ0530
cam02_12-51-02-668561_BP29BA9426__det.jpg	HR29BA9426
cam02_12-51-29-460935_HR55BA6273__det.jpg	HR55BA6273
cam02_12-51-33-426827_DL9CBH4290__det.jpg	DL9CBM4290
cam02_12-53-13-888363_OL4CAV4734__det.jpg	DL4CAW4734
cam02_12-54-17-247497_JL1CI2536__det.jpg	DL1CT2539
cam02_12-54-45-313255_DL8CBC6920__det.jpg	DL8CBC6920
cam02_12-55-17-740690_DL9CBE3916__det.jpg	DL9CBE3916
cam02_12-56-08-566983_HR58E9741__det.jpg	HR58E9741
cam02_12-56-10-406347_DL1CW7758__asis.jpg	DL1CW7758
cam02_12-56-41-368565_DL1CAF0775__det.jpg	DL1CAF0775
cam02_12-57-05-091448_22BH0432C__det.jpg	22BH0432C
cam02_12-57-39-551972_DL2CAT5423__asis.jpg	DL2CAY5423
cam02_12-58-39-333380_DL3CDB8506__det.jpg	DL3CDB8506
cam02_12-59-27-628358_DL1CK7734__det.jpg	DL1CW7734
cam02_13-01-38-108399_DL7CS4967__asis.jpg	DL7CS4967
cam02_13-01-59-798288_HR51CJ3183__det.jpg	HR51CJ3183
cam02_13-03-32-585280_DL1CK4657__det.jpg	DL1CW4657
cam02_13-05-44-829826_DL12CT0820__det.jpg	DL12CT0820
cam02_13-06-17-819363_DL12CX1391__det.jpg	DL12CX1391
cam02_13-06-45-296449_DL8CBK9364__det.jpg	DL8CBK9364
cam02_13-07-14-449900_HR38AD1765__det.jpg	HR38AD1765
cam02_13-07-48-540809_DL1CAH0802__det.jpg	DL1CAH0802
cam02_13-08-12-723646_DL6CT3025__det.jpg	DL6CT3025
cam02_13-08-17-366189_UP56B6536__det.jpg	UP56BB6536
cam02_13-09-00-366814_DL1CAD5004__det.jpg	DL1CAD5004
cam02_13-09-01-992862_0L12CU924__det.jpg	DL12CU9924
cam02_13-09-38-936221_DL1ZO3262__det.jpg	DL1ZD3262
cam02_13-10-09-262270_DL2CBG0782__det.jpg	DL2CBG0782
cam02_13-12-34-974639_DL12CT0820__det.jpg	DL12CT0820
cam02_13-12-58-208582_DL5CS4723__det.jpg	DL5CS4723
cam02_13-13-13-847888_DL9CAZ249__det.jpg	DL9CAZ2492
cam02_13-13-22-508487_23BH9598B__det.jpg	23BH9598B
cam02_13-13-42-080494_DL10CK4542__det.jpg	DL10CK4542
cam02_13-14-22-614061_26BH0388L__det.jpg	26BH0388L
cam02_13-15-29-476492_DL2CBF1499__det.jpg	DL2CBF1499
cam02_13-15-57-225662_DL9CAZ2492__det.jpg	DL9CAZ2492
cam02_13-16-11-001856_MR26FT2618__det.jpg	HR26FT2618
cam02_13-18-21-004488_HR10AT3528__det.jpg	HR10AT3528
cam02_13-20-26-776587_DL4CBD5079__det.jpg	DL4CBD5079
cam02_13-20-29-197651_DL1ZD6848__det.jpg	DL1ZD6848
cam02_13-21-04-244394_CH01CP6080__det.jpg	CH01CP6080
cam02_13-24-01-526026_DL0B20__det.jpg	DL10DB2420
cam02_13-25-23-253037_OL1CAA1715__det.jpg	DL1CAA1715
cam02_13-26-06-343712_DL14CF7568__det.jpg	DL14CF7568
cam02_13-27-06-799884_HR29BA8883__det.jpg	HR29BA8883
cam02_13-28-20-617748_DL6CT9535__det.jpg	DL6CT9535
cam02_13-29-23-384957_DL4CBD3333__det.jpg	DL4CBD3333
cam02_13-30-15-031225_DL3CY5003__det.jpg	DL3CCX5003
cam02_13-31-23-025891_DL7CS7604__det.jpg	DL7CS7604
cam02_13-34-09-615121_DL12CU924__det.jpg	DL12CU9924
cam02_13-35-51-715395_DL14C9347__det.jpg	DL14CG9347
cam02_13-36-02-546973_OL1CW7734__det.jpg	DL1CW7734
cam02_13-40-54-712720_DL2CBO4424__det.jpg	DL2CBD4424
cam02_13-43-02-311139_HR5SAZ7980__asis.jpg	HR55AZ7980
cam02_13-43-17-769657_PB65AC4175__det.jpg	PB65AC4175
cam02_13-44-45-223640_DL12D8494__det.jpg	DL1ZD8494
cam02_13-46-40-103811_DL2CBE6344__asis.jpg	DL2CBE6344
cam02_13-49-41-557389_MP64A3245__det.jpg	HP64A3245
cam02_13-51-41-725882_HR51CS9810__det.jpg	HR51CS9810
cam02_13-53-11-190906_DL2B0289__det.jpg	DL2CBD2289
cam02_13-53-22-490368_26BH6479L__det.jpg	26BH6479L
cam02_13-53-45-981323_UP72AY5991__det.jpg	UP72AY3991
cam02_13-54-01-247744_HR10AR3240__det.jpg	HR10AR3240
cam02_13-55-25-760356_BR19T5788__det.jpg	HR19T5788
cam02_13-56-12-919748_DL12CS4748__det.jpg	DL12CS4748
cam02_14-00-27-983354_HS5BA9373__det.jpg	HR55BA9373
cam02_14-01-00-527703_OL9CAZ2492__det.jpg	DL9CAZ2492
cam02_14-02-40-843921_DL1CA050__det.jpg	DL1CAD5004
cam02_14-02-45-886733_DL7CY797__det.jpg	DL7CY7997
cam02_14-05-11-624725_DL14CE8430__det.jpg	DL14CE8430
cam02_14-05-51-919921_DL7CV6369__det.jpg	DL7CV6369
cam02_14-07-24-152764_23BH9598B__det.jpg	23BH9598B
cam02_14-09-18-042666_26BH9152B__det.jpg	26BH9152B
cam02_14-09-51-261733_UP17I1730__asis.jpg	UP17Y1730
cam02_14-10-12-938239_UP16EK0332__det.jpg	UP16EK0332
cam02_14-10-26-800378_DL1CT158__det.jpg	DL1CT1588
cam02_14-11-12-820221_24BH2037K__det.jpg	24BH2037K
cam02_14-12-33-686299_DL1ZO7032__det.jpg	DL1ZD7092
cam02_14-14-01-356312_HR19T578__det.jpg	HR19T5788
cam02_14-15-23-708720_DL3CX1482__det.jpg	DL3CCX1482
cam02_14-15-54-858451_DL9CBE3916__det.jpg	DL9CBE3916
cam02_14-16-26-562490_PB65AC4175__det.jpg	PB65AC4175
cam02_14-16-51-225761_DL2CB0271__det.jpg	DL2CBG0271
cam02_14-17-45-693978_DL2CBE6344__det.jpg	DL2CBE6344
cam02_14-18-35-243144_DL1CAH1228__det.jpg	DL1CAH1228
cam02_14-20-32-860958_CH01GA9757__det.jpg	CH01GA9757
cam02_14-21-13-491393_DL8CBC490__asis.jpg	DL8CBC4490
cam02_14-21-31-748422_DL7CW6770__det.jpg	DL7CW6770
cam02_14-22-19-453196_DL3CCY4750__det.jpg	DL3CCY4750
cam02_14-23-13-086808_DL8CBJ2192__det.jpg	DL8CBJ2192
cam02_14-25-15-223531_JK02CK3724__det.jpg	JK02CK3724
cam02_14-30-03-447241_HR3BAK5826__det.jpg	HR38AK5826
cam02_14-30-25-816926_DL3CT003__det.jpg	DL3CCX5003
cam02_14-30-47-797196_26BH9152B__det.jpg	26BH9152B
cam02_14-32-04-403465_DL1CAD5004__det.jpg	DL1CAD5004
cam02_14-33-24-978878_DL1CAF075__det.jpg	DL1CAF0775
cam02_14-34-28-796178_25BH0978N__det.jpg	25BH0978M
cam02_14-34-30-159486_RJ1CW1053__det.jpg	HR51CW1053
cam02_14-34-54-820439_DL4CF9714__det.jpg	DL14CF9714
cam02_14-35-07-576220_DL14CE8430__det.jpg	DL14CE8430
cam02_14-36-18-971708_DL12CW4126__det.jpg	DL12CW4126
cam02_14-37-09-970229_DL8CAP5897__det.jpg	DL8CAP5897
cam02_14-39-25-492760_DL1CAF0775__det.jpg	DL1CAF0775
cam02_14-43-09-980545_DL8CAN2796__det.jpg	DL8CAY2796
cam02_14-45-19-921728_HR38AA4514__det.jpg	HR38AA4514
cam02_14-45-44-978582_DL2CAW8498__det.jpg	DL2CAW8498
cam02_14-46-07-417865_DL3COB4849__det.jpg	DL3CDB4849
cam02_14-46-59-281066_HR1O5997__det.jpg	HR10S9997
cam02_14-48-55-536702_HR26EI2618__det.jpg	HR26FT2618
cam02_14-49-23-960696_KL01BF760__det.jpg	KL01BF7660
cam02_14-50-33-464188_DL1CW4657__det.jpg	DL1CW4657
cam02_14-50-41-119899_DL9CAL2364__det.jpg	DL9CAL2364
cam02_14-51-39-443835_DL12O4452__asis.jpg	DL1ZD4452
cam02_14-51-41-901695_DL8CAP5307__det.jpg	DL8CAP5307
cam02_14-52-46-881758_25BH0486L__det.jpg	25BH0486L
cam02_14-56-23-062149_DL12CU988__det.jpg	DL12CU9888
cam02_14-56-39-048909_DL9CBF6137__det.jpg	DL9CBF6137
cam02_14-58-42-564641_DL6CT3381__det.jpg	DL6CT3381
cam02_14-58-59-534938_DL2CBD4641__det.jpg	DL2CBD4641
cam02_14-59-23-965614_DL2CBF5119__det.jpg	DL2CBF5119
cam02_14-59-30-474627_DL1CW4657__det.jpg	DL1CW4657
cam02_15-01-42-331230_DL7CV6369__det.jpg	DL7CV6369
cam02_15-01-57-349752_DN17CB082__asis.jpg	DL1ZC6082
cam02_15-03-03-313642_DL1CAA1715__det.jpg	DL1CAA1715
cam02_15-05-31-652085_DL14CE8430__det.jpg	DL14CE8430
cam02_15-05-57-066578_DL1Z0684__det.jpg	DL1ZD6848
cam02_15-06-42-846761_DL1ZO6848__det.jpg	DL1ZD6848
cam02_15-07-39-417029_DL2CAM8498__det.jpg	DL2CAW8498
cam02_15-08-47-219539_HR5BC0274__asis.jpg	HR55BC0274
cam02_15-09-05-169264_DL4CBF1208__asis.jpg	DL4CBF1208
cam02_15-09-22-896202_DL5CW2129__det.jpg	DL5CW2129
cam02_15-09-36-587501_DL12CW4128__det.jpg	DL12CW4126
cam02_15-10-01-052010_HR55BB3666__det.jpg	HR55BB3666
cam02_15-10-41-063807_DL9CAR0256__det.jpg	DL9CAR0256
cam02_15-11-05-935488_DL5C7302__det.jpg	DL6CT3025
cam02_15-12-03-896218_MH85B9549__asis.jpg	HR55BB9549
cam02_15-12-23-002927_DL7C0163__det.jpg	DL7CQ1633
cam02_15-12-25-816581_DL2CBC0239__det.jpg	DL2CBG0239
cam02_15-18-03-786564_25BH0978N__det.jpg	25BH0978M
cam02_15-18-29-678557_DL1CR1693__det.jpg	DL1CR1693
cam02_15-19-53-816182_HR98P9932__det.jpg	HR98P9932
cam02_15-20-11-997650_DL14CL094__asis.jpg	DL14CL0094
cam02_15-20-40-056457_DL1CT2539__det.jpg	DL1CT2539
cam02_15-23-13-232865_UP14DV6512__asis.jpg	UP14DW6512
cam02_15-23-57-834785_DL1CAH26__det.jpg	DL1CAH6226
cam02_15-26-40-887402_DL1CAF07__det.jpg	DL1CAF0775
cam02_15-27-45-051757_HR55AX4648__det.jpg	HR55AX4648
cam02_15-28-10-016479_DL14GK1489__asis.jpg	DL14CK1489
cam02_15-28-12-712599_UP14G9169__det.jpg	UP14GQ1669
cam02_15-29-19-874672_DL10CE441__asis.jpg	DL10CE4941
cam02_15-29-54-405889_DL2CBC2673__det.jpg	DL2CBC2673
cam02_15-32-12-696504_OL2CBG0271__det.jpg	DL2CBG0271
cam02_15-33-07-012081_DL8CAS1432__det.jpg	DL8CAS1432
cam02_15-36-11-540371_HR76K7541__det.jpg	HR76K7541
cam02_15-36-12-401669_DL1CK3006__det.jpg	DL1CW3006
cam02_15-37-43-731127_UP16EO9628__det.jpg	UP16ED9626
cam02_15-39-21-020817_DL9CAZ2492__det.jpg	DL9CAZ2492
cam02_15-42-07-303693_DL2CBE1691__det.jpg	DL2CBE1691
cam02_15-43-35-891615_OD12CBE1691__det.jpg	DL2CBE1691
cam02_15-43-40-321345_DL1CW7758__det.jpg	DL1CW7758
cam02_15-44-13-203989_DL00B20__det.jpg	DL10DB2420
cam02_15-44-58-037522_HR5AP1630__det.jpg	HR55AP1630
cam02_15-45-10-747132_HR51CY4080__det.jpg	HR51CY4080
cam02_15-45-53-983268_DL2CBF0829__det.jpg	DL2CBF0829
cam02_15-47-53-261881_HR98P9932__det.jpg	HR98P9932
cam02_15-47-53-716916_DL3CY5003__det.jpg	DL3CCX5003
cam02_15-48-22-022207_DL10C200__det.jpg	DL10CP4308
cam02_15-48-39-279351_DL2CBE634__asis.jpg	DL2CBE6344
cam02_15-48-55-838731_HR3BAC6737__det.jpg	HR38AC6737
cam02_15-49-18-496286_HF55BA0803__det.jpg	HR55BA0803
cam02_15-52-14-168312_DL7CX8825__det.jpg	DL7CX8825
cam02_15-54-56-666863_DL1CW7884__asis.jpg	DL1CW7884
cam02_16-00-23-661309_RJ1CE5031__det.jpg	HR51CE5031
cam02_16-01-49-011148_HR3BAL8058__det.jpg	HR38AL8058
cam02_16-02-31-447043_HR38AH0172__det.jpg	HR38AH0172
cam02_16-03-43-524762_DL8CAZ136__det.jpg	DL8CAZ1338
cam02_16-04-05-387890_DL8CA5132__det.jpg	DL8CAS1432
cam02_16-05-14-297348_DL6CT3025__det.jpg	DL6CT3025
cam02_16-05-39-320707_FD12CB1996__det.jpg	DL2CBG1996
cam02_16-08-08-657485_BR29BA9428__det.jpg	HR29BA9426
cam02_16-13-47-590395_DL7O4012__asis.jpg	DL7CQ4012
cam02_16-18-38-571624_DL10C0929__det.jpg	DL10CQ9293
cam02_16-19-41-880979_DL2CBC0271__det.jpg	DL2CBG0271
cam02_16-20-44-257039_DL7CN6770__det.jpg	DL7CW6770
cam02_16-23-40-534691_DL9CBC3109__det.jpg	DL9CBC3109
cam02_16-24-28-537340_UP14ED2709__det.jpg	UP14ED2709
cam02_16-25-38-685525_DL12CC6162__det.jpg	DL12CC6162
cam02_16-29-01-526317_DL1V78__det.jpg	DL1CW7884
cam02_16-30-16-310673_DL1CAF1029__det.jpg	DL1CAF1029
vehicle_20260819-070604__det.jpg	HR55AS0594
vehicle_20260819-071045__det.jpg	HR55AS0594
vehicle_20260819-074716__det.jpg	DL10EV9409
vehicle_20260819-081038__det.jpg	DL12CS0650
vehicle_20260819-081049__det.jpg	DL12CS0650
vehicle_20260819-081050__det.jpg	PB34C9534
vehicle_20260819-081057__det.jpg	PB34C9534
vehicle_20260819-083028__det.jpg	DL12CV5224
vehicle_20260819-083037__det.jpg	DL12CV5224
vehicle_20260819-083233__det.jpg	HR26FD1219
vehicle_20260819-084756__det.jpg	HR26FP1453
vehicle_20260819-084839__det.jpg	RJ13CF9624
vehicle_20260819-084850 - Copy (3)__det.jpg	RJ13CF9624
vehicle_20260819-085221__det.jpg	HR98M6102
vehicle_20260819-085255__det.jpg	HR26GF1628
vehicle_20260819-085306 - Copy (2)__det.jpg	HR26GF1628
vehicle_20260819-085719__det.jpg	HR26GA3302
vehicle_20260819-090037__det.jpg	HR98L1443
vehicle_20260819-090048 - Copy (2)__det.jpg	HR98L1443
vehicle_20260819-090618__det.jpg	HR98E0428
vehicle_20260819-090629 - Copy (2)__det.jpg	HR98E0428
vehicle_20260819-090648__det.jpg	DL9CBD8481
vehicle_20260819-090703 - Copy (2)__det.jpg	DL9CBD8481
vehicle_20260819-090703__det.jpg	HR26EN1559
vehicle_20260819-090708 - Copy (2)__det.jpg	HR26EN1559
vehicle_20260819-090732__det.jpg	HR26EC5866
vehicle_20260819-090846 - Copy (3)__det.jpg	HR26EC5866
vehicle_20260819-091030__det.jpg	HR72K5932
vehicle_20260819-091037 - Copy (3)__det.jpg	HR72K5932
vehicle_20260819-091241__det.jpg	HR07AB4049
vehicle_20260819-091246 - Copy__det.jpg	HR07AB4049
vehicle_20260819-091315__det.jpg	JH01ES2902
vehicle_20260819-091328__det.jpg	CH01CA4111
vehicle_20260819-091410__det.jpg	HR26GF1628
vehicle_20260819-091501__det.jpg	HR10AA1895
vehicle_20260819-091616__det.jpg	HR98L1443
vehicle_20260819-091643__det.jpg	HR48E9780
vehicle_20260819-092021__det.jpg	HR10AA1895
vehicle_20260819-092317__det.jpg	HR26FD1219
vehicle_20260819-092359__det.jpg	HR98L5619
vehicle_20260819-092443__det.jpg	DL8EV7005
vehicle_20260819-092719__det.jpg	HR48E9780
vehicle_20260819-092803__det.jpg	DL9CBD7781
vehicle_20260819-093029__det.jpg	DL12CV5224
vehicle_20260819-093126__det.jpg	DL8CBL6960
vehicle_20260819-093617__det.jpg	DL1CAC7239
vehicle_20260819-094109__det.jpg	DL8CBL6960
vehicle_20260819-094120__det.jpg	HR26GA3302
vehicle_20260819-094123__det.jpg	HR98L5619
vehicle_20260819-094251__det.jpg	HR98AC8649
vehicle_20260819-094406__det.jpg	HR98C1886
vehicle_20260819-094445__det.jpg	UK19B7191
vehicle_20260819-094707__det.jpg	HR12AU7291
vehicle_20260819-094831__det.jpg	HR26CV3412
vehicle_20260819-094904__det.jpg	CH01CA4377
vehicle_20260819-094920__det.jpg	DL1CAC7239
vehicle_20260819-095207__det.jpg	CH01CY6930
vehicle_20260819-095212__det.jpg	RJ09CD2418
vehicle_20260819-095219__det.jpg	HR12AU7291
vehicle_20260819-095222__det.jpg	HR87S8833
vehicle_20260819-095305__det.jpg	UP14CU7183
vehicle_20260819-095414__det.jpg	UP21CH2525
vehicle_20260819-095421__det.jpg	HR87Q2667
vehicle_20260819-095446__det.jpg	DL9CAW6856
vehicle_20260819-095454__det.jpg	HR26DT5514
vehicle_20260819-095625__det.jpg	OD33AV4533
vehicle_20260819-095807__det.jpg	UP15EJ9124
vehicle_20260819-095818__det.jpg	UP16CR4122
vehicle_20260819-095946__det.jpg	HR51CP9332
vehicle_20260819-100054__det.jpg	HR98E0428
vehicle_20260819-100148__det.jpg	UP16EB8454
vehicle_20260819-100210__det.jpg	RJ09CD2418
vehicle_20260819-100439__det.jpg	HR26GA7003
vehicle_20260819-100536__det.jpg	HR55AV1155
vehicle_20260819-100556__det.jpg	HR98K8193
vehicle_20260819-100617__det.jpg	HR31T2355
vehicle_20260819-100736__det.jpg	HR98AB9308
vehicle_20260819-100832__det.jpg	DL1CAF7621
vehicle_20260819-100845__det.jpg	HR98C1886
vehicle_20260819-100858__det.jpg	HR98W9235
vehicle_20260819-100908__det.jpg	PB10HB0202
vehicle_20260819-100917__det.jpg	DL9CAL7170
vehicle_20260819-100924__det.jpg	UP21CH2525
vehicle_20260819-100942__det.jpg	HR98AA2644
vehicle_20260819-101052__det.jpg	HR55AV1155
vehicle_20260819-101151__det.jpg	HR26CV3412
vehicle_20260819-101327__det.jpg	HR26GA7003
vehicle_20260819-101557__det.jpg	HR05BH8665
vehicle_20260819-101750__det.jpg	HR98E4391
vehicle_20260819-101825__det.jpg	HR55AV1751
vehicle_20260819-101858__det.jpg	DL12CY2620
vehicle_20260819-101911__det.jpg	HR01AY5529
vehicle_20260819-101940__det.jpg	HR38AF8598
vehicle_20260819-102041__det.jpg	HR98N5506
vehicle_20260819-102110__det.jpg	DL3CCP8247
vehicle_20260819-102129__det.jpg	DL9CAL7170
vehicle_20260819-102149__det.jpg	HR26EE5610
vehicle_20260819-102235__det.jpg	HR98AA2644
vehicle_20260819-102247__det.jpg	HR01AY5529
vehicle_20260819-102258__det.jpg	HR26EE5610
vehicle_20260819-102510__det.jpg	HR26DD7881
vehicle_20260819-102557__det.jpg	HR98Z1668
vehicle_20260819-103005__det.jpg	HR26DD7881
vehicle_20260819-103015__det.jpg	HR98AB9980
vehicle_20260819-103326__det.jpg	T0826HR6236BY
vehicle_20260819-103450__det.jpg	HR98K0654
vehicle_20260819-103510__det.jpg	HR98V2103
vehicle_20260819-103537__det.jpg	HR26CZ1860
vehicle_20260819-103658__det.jpg	UP16CL3561
vehicle_20260819-103712__det.jpg	UK06AD5118
vehicle_20260819-103758__det.jpg	HR55AY7526
vehicle_20260819-103850__det.jpg	DL8EV3319
vehicle_20260819-103923__det.jpg	RJ45CK9648
vehicle_20260819-103934__det.jpg	HR98Z1668
vehicle_20260819-103952__det.jpg	UK06AD5118
vehicle_20260819-104039__det.jpg	UP16DH8267
vehicle_20260819-104318__det.jpg	RJ45CK9648
vehicle_20260819-104411__det.jpg	DL8EV3319
vehicle_20260819-104557__det.jpg	HR98Q8093
vehicle_20260819-104651__det.jpg	HR98R5357
vehicle_20260819-104752__det.jpg	HR98F4442
vehicle_20260819-104802__det.jpg	HR26GA0245
vehicle_20260819-104813__det.jpg	HR98F0844
vehicle_20260819-104837__det.jpg	HR26EQ7736
vehicle_20260819-104846__det.jpg	HR26FX5786
vehicle_20260819-105013__det.jpg	HR984127
vehicle_20260819-105020__det.jpg	HR26DE5438
vehicle_20260819-105110__det.jpg	23BH5543K
vehicle_20260819-105126__det.jpg	HR26FU3562
vehicle_20260819-105140__det.jpg	HR98Q8093
vehicle_20260819-105258__det.jpg	HR98T1929
vehicle_20260819-105407__det.jpg	HR98C1809
vehicle_20260819-105412__det.jpg	HR98D6558
vehicle_20260819-105519__det.jpg	HR51CV1678
vehicle_20260819-105524__det.jpg	HR98J8415
vehicle_20260819-105535__det.jpg	HR26EQ7736
vehicle_20260819-105549__det.jpg	HR55BB3722
vehicle_20260819-105659__det.jpg	HR55BB3722
vehicle_20260819-105818__det.jpg	UP14FR3002
vehicle_20260819-105945__det.jpg	HR51CP4886
vehicle_20260819-110033__det.jpg	UP60CT4475
vehicle_20260819-110250__det.jpg	HR98D6558
vehicle_20260819-110402__det.jpg	HR98K2968
vehicle_20260819-110619__det.jpg	UK19B7191
vehicle_20260819-110804__det.jpg	HR26CM6248
vehicle_20260819-110942__det.jpg	DL4CAZ3376
vehicle_20260819-110943__det.jpg	DL4CAZ3376
vehicle_20260819-111037__det.jpg	HR26FN1430
vehicle_20260819-111256__det.jpg	HR98X1888
vehicle_20260819-111338__det.jpg	DL10CP9683
vehicle_20260819-111521__det.jpg	DL9EV4181
vehicle_20260819-111613__det.jpg	DL4CAZ3376
vehicle_20260819-111641__det.jpg	HR26EK0558
vehicle_20260819-111642__det.jpg	HR26EK0558
vehicle_20260819-111813__det.jpg	HR26CM6248
vehicle_20260819-111818__det.jpg	HR26FP5210
vehicle_20260819-111833__det.jpg	HR26EK0558
vehicle_20260819-112134__det.jpg	DL3CCL1005
vehicle_20260819-112135__det.jpg	DL3CCL1005
vehicle_20260819-112230__det.jpg	TN07CY0459
vehicle_20260819-112350__det.jpg	HR98V2103
vehicle_20260819-112421__det.jpg	HR87K4122
vehicle_20260819-112428__det.jpg	DL3CDB3267
vehicle_20260819-112728__det.jpg	DL9CBK8207
vehicle_20260819-112829__det.jpg	UP14HF4713
vehicle_20260819-113214__det.jpg	HR55AQ6878
vehicle_20260819-113303__det.jpg	HR26CZ1860
vehicle_20260819-113620__det.jpg	HR10AD0102
vehicle_20260819-114418__det.jpg	HR87Q2667
vehicle_20260819-114529__det.jpg	UP75CT4649
vehicle_20260819-114549__det.jpg	UP14GN0066
vehicle_20260819-114551__det.jpg	UP14GN0066
vehicle_20260819-114717__det.jpg	UP75CT4649
vehicle_20260819-115230__det.jpg	DL9CAR3556
vehicle_20260819-115350__det.jpg	HR98AB9308
vehicle_20260819-115829__det.jpg	UP15EJ9124
vehicle_20260819-115916__det.jpg	UP14HF4713
vehicle_20260819-120046__det.jpg	HR26CZ3990
vehicle_20260819-120048__det.jpg	HR26CZ3990
vehicle_20260819-120049__det.jpg	HR26CZ3990
vehicle_20260819-120058__det.jpg	DL3CCX2099
vehicle_20260819-120334__det.jpg	GJ01KR7310
vehicle_20260819-120336__det.jpg	GJ01KR7310
vehicle_20260819-120337__det.jpg	GJ01KR7310
vehicle_20260819-120707__det.jpg	OD33AV4533
vehicle_20260819-120715__det.jpg	HR98AC8649
vehicle_20260819-120753__det.jpg	DL10CX6873
vehicle_20260819-120945__det.jpg	HR72K5932
vehicle_20260819-121002__det.jpg	HR05BH8665
vehicle_20260819-121012__det.jpg	HR26EC5866
vehicle_20260820-091858__det.jpg	HR10AA1895
vehicle_20260820-091935__det.jpg	HR98L5619
vehicle_20260820-091951__det.jpg	DL9CBD7781
vehicle_20260820-092206__det.jpg	HR98L1443
vehicle_20260820-092211__det.jpg	HR02AW4899
vehicle_20260820-092352__det.jpg	HR98L5619
vehicle_20260820-092620__det.jpg	HR55BD1288
vehicle_20260820-092704__det.jpg	DL8CBL6960
vehicle_20260820-092918__det.jpg	UP16CR4122
vehicle_20260820-093036__det.jpg	UK19B7191
vehicle_20260820-093106__det.jpg	GJ12FD1565
vehicle_20260820-093133__det.jpg	HR26CV3412
vehicle_20260820-093140__det.jpg	DL9CBD8481
vehicle_20260820-093304__det.jpg	HR26GA3302
vehicle_20260820-093332__det.jpg	UP16CR4122
vehicle_20260820-093345__det.jpg	HR26FD1219
vehicle_20260820-093426__det.jpg	DL9CAW6856
vehicle_20260820-093431__det.jpg	HR51CV1678
vehicle_20260820-093556__det.jpg	DL9CAR3556
vehicle_20260820-093715__det.jpg	HR98E0428
vehicle_20260820-094034__det.jpg	HR98E0428
vehicle_20260820-094105__det.jpg	DL9CAW6856
vehicle_20260820-094500__det.jpg	DL1CAC7239
vehicle_20260820-094527__det.jpg	HR26CV3412
vehicle_20260820-095040__det.jpg	DL3CCT8904
vehicle_20260820-095104__det.jpg	DL9CAR3556
vehicle_20260820-095518__det.jpg	HR98L4018
vehicle_20260820-095542__det.jpg	HR26EQ7736
vehicle_20260820-095635__det.jpg	HR26DT5514
vehicle_20260820-095712__det.jpg	HR12AU7291
vehicle_20260820-095753__det.jpg	HR98J8415
vehicle_20260820-095956__det.jpg	HR26EQ7736
vehicle_20260820-100103__det.jpg	UP21CH2525
vehicle_20260820-100353__det.jpg	HR31T2355
vehicle_20260820-100551__det.jpg	HR51CP9332
vehicle_20260820-100659__det.jpg	HR48E9780
vehicle_20260820-101005__det.jpg	UK06AD5118
vehicle_20260820-101010__det.jpg	UP80EV8655
vehicle_20260820-101104__det.jpg	HR48E9780
vehicle_20260820-101109__det.jpg	JH01ES2902
vehicle_20260820-101311__det.jpg	HR98K2968
vehicle_20260820-101319__det.jpg	UP15EJ9124
vehicle_20260820-101602__det.jpg	HR98N2131
vehicle_20260820-102014__det.jpg	TN07CY0459
vehicle_20260820-102034__det.jpg	UK19B7191
vehicle_20260820-102058__det.jpg	HR31T2355
vehicle_20260820-102119__det.jpg	HR98AA2644
vehicle_20260820-102142__det.jpg	UK06AD5118
vehicle_20260820-102521__det.jpg	HR01AY5529
vehicle_20260820-102638__det.jpg	HR98AB9980
vehicle_20260820-103007__det.jpg	HR98K1971
vehicle_20260820-103025__det.jpg	TN07CY0459
vehicle_20260820-103034__det.jpg	TN07CY0459
vehicle_20260820-103043__det.jpg	HR98Z1668
vehicle_20260820-103055__det.jpg	DL3CCP8247
vehicle_20260820-103112__det.jpg	HR27M5098
vehicle_20260820-103255__det.jpg	HR55AU5917
vehicle_20260820-103429__det.jpg	DL10CP9683
vehicle_20260820-103438__det.jpg	UP27CT6766
vehicle_20260820-103439__det.jpg	UP27CT6766
vehicle_20260820-103450__det.jpg	HR98F4442
vehicle_20260820-103526__det.jpg	HR55AU5917
vehicle_20260820-104000__det.jpg	HR98K1971
vehicle_20260820-104225__det.jpg	HR26FP1105
vehicle_20260820-104226__det.jpg	HR26FP1105
vehicle_20260820-104241__det.jpg	HR98G1294
vehicle_20260820-104250__det.jpg	HR98K0654
vehicle_20260820-104456__det.jpg	DL10GD9518
vehicle_20260820-104726__det.jpg	MH46BZ6631
vehicle_20260820-104809__det.jpg	MH03CB9738
vehicle_20260820-104951__det.jpg	CH01CJ6707
vehicle_20260820-105106__det.jpg	HR98K2968
vehicle_20260820-105154__det.jpg	HR984127
vehicle_20260820-105230__det.jpg	DL12CS0650
vehicle_20260820-105301__det.jpg	RJ45CK9648
vehicle_20260820-105454__det.jpg	HR38AK1561
vehicle_20260820-105742__det.jpg	HR98D6558
vehicle_20260820-105937__det.jpg	HR26GA7003
vehicle_20260820-110044__det.jpg	UP14CU7183
vehicle_20260820-110156__det.jpg	HR98U2679
vehicle_20260820-110300__det.jpg	HR98D6558
vehicle_20260820-110345__det.jpg	HR26GA7003
vehicle_20260820-110359__det.jpg	HR26CZ1860
vehicle_20260820-110849__det.jpg	HR26FU3562
vehicle_20260820-111440__det.jpg	HR98C1886
vehicle_20260820-111510__det.jpg	HR98P6756
vehicle_20260820-111518__det.jpg	HR10AA1895
vehicle_20260820-111731__det.jpg	HR26FP5210
vehicle_20260820-111822__det.jpg	DL8CBL4171
vehicle_20260820-111918__det.jpg	DL3CDB3267
vehicle_20260820-112000__det.jpg	DL3CCL1005
vehicle_20260820-112004__det.jpg	DL1CX8939
vehicle_20260820-112104__det.jpg	UP14FR3002
vehicle_20260820-112140__det.jpg	HR98Q2672
vehicle_20260820-112519__det.jpg	HR98K8193
vehicle_20260820-112540__det.jpg	DL1CX8939
vehicle_20260820-112645__det.jpg	DL3CCL1005
vehicle_20260820-112812__det.jpg	HR55AP5602
vehicle_20260820-112957__det.jpg	HR10AD0102
vehicle_20260820-113447__det.jpg	UP64Y5515
vehicle_20260820-113638__det.jpg	HR26FN1430
vehicle_20260820-113651__det.jpg	DL7CY5201
vehicle_20260820-113717__det.jpg	HR02AU2771
vehicle_20260820-113733__det.jpg	HR26FK6986
vehicle_20260820-113740__det.jpg	HR51CP4886
vehicle_20260820-114600__det.jpg	HR26FN1430
vehicle_20260820-114631__det.jpg	DL8EV7005
vehicle_20260820-114639__det.jpg	HR87K4122
vehicle_20260820-114805__det.jpg	DL4CBD5962
vehicle_20260820-114840__det.jpg	DL7GD7232
vehicle_20260820-114954__det.jpg	DL9CAX6604
vehicle_20260820-115045__det.jpg	HR26CM6248
vehicle_20260820-115430__det.jpg	UP14GU4128
vehicle_20260820-115721__det.jpg	DL4CAZ3376
vehicle_20260820-115748__det.jpg	DL9CAX6604
vehicle_20260820-115914__det.jpg	HR98Q8093
vehicle_20260820-120737__det.jpg	HR87S8833
vehicle_20260820-120741__det.jpg	DL9CAL7170
vehicle_20260820-120926__det.jpg	DL4CBB2874
vehicle_20260820-120933__det.jpg	HR26CM6248
vehicle_20260820-121129__det.jpg	PB34C9534
vehicle_20260820-121227__det.jpg	GJ06RF6576
vehicle_20260820-121321__det.jpg	DL8CBL4171
vehicle_20260820-121400__det.jpg	MH46BZ6631
vehicle_20260820-121422__det.jpg	HR26FP1453
vehicle_20260820-121500__det.jpg	DL12CV8593
vehicle_20260820-121526__det.jpg	DL10GD9518
vehicle_20260820-121721__det.jpg	DL12CV8593
vehicle_20260820-121735__det.jpg	DL5CY1311
vehicle_20260820-121921__det.jpg	HR38AF0566
vehicle_20260820-122005__det.jpg	DL7CY5201
vehicle_20260820-122011__det.jpg	HR98E4391
vehicle_20260820-122501__det.jpg	DL10EV9409
vehicle_20260820-122511__det.jpg	HR26DD7881
vehicle_20260820-122524__det.jpg	HR51CP9332
vehicle_20260820-123118__det.jpg	HR98V2103
